epoch,loss,val_loss
0,78.1335678100586,19.012697219848633
